product_id,brand_name,product_name,category,base_price,unit_cost,target_margin_pct,price_elasticity
AT-101,AuraTech,Aura UltraBook Pro 15,Laptops,1499.0,920.0,38.63,-1.35
AT-102,AuraTech,Aura Hub Max Smart Display,Smart Home,229.0,110.0,51.97,-1.15
AT-103,AuraTech,Aura ANC Spatial Earbuds,Audio,199.0,75.0,62.31,-1.45
AT-104,AuraTech,Aura Watch Series X,Wearables,349.0,160.0,54.15,-1.25
AT-105,AuraTech,Aura Pad Pro 12.9 Tablet,Tablets,899.0,490.0,45.49,-1.3
AT-106,AuraTech,Aura Smart Thermostat AI,Smart Home,179.0,70.0,60.89,-0.95
AT-107,AuraTech,Aura 4K Webcam HDR,Accessories,129.0,45.0,65.12,-1.1
AT-108,AuraTech,Aura Fast Wireless Dock 65W,Accessories,79.0,22.0,72.15,-0.85
NS-201,NovaStyle,Nova Tech-Fleece Bomber,Jackets,189.0,55.0,70.9,-1.4
NS-202,NovaStyle,Nova AeroStretch Joggers,Pants,88.0,24.0,72.73,-1.6
NS-203,NovaStyle,Nova All-Weather Rain Parka,Jackets,245.0,75.0,69.39,-1.2
NS-204,NovaStyle,Nova Seamless Training Tee,Tops,48.0,12.0,75.0,-1.75
NS-205,NovaStyle,Nova Merino Wool Crewneck,Knitwear,135.0,42.0,68.89,-1.15
NS-206,NovaStyle,Nova Urban Commuter Pack 28L,Bags,160.0,48.0,70.0,-1.05
NS-207,NovaStyle,Nova Compression Tights Pro,Activewear,72.0,18.0,75.0,-1.5
NS-208,NovaStyle,Nova Thermal Reversible Gilet,Outerwear,140.0,39.0,72.14,-1.25
AL-301,ApexLiving,Apex Motion Ergo Desk V2,Furniture,699.0,330.0,52.79,-1.1
AL-302,ApexLiving,Apex Contour Ergonomic Chair,Furniture,489.0,210.0,57.06,-1.2
AL-303,ApexLiving,Apex PureFlow HEPA Air Scrubber,Appliances,279.0,115.0,58.78,-1.05
AL-304,ApexLiving,Apex CleanBot Robotic Mop & Vac,Appliances,549.0,260.0,52.64,-1.35
AL-305,ApexLiving,Apex Lumina Smart Ambient Bar,Lighting,119.0,38.0,68.07,-1.45
AL-306,ApexLiving,Apex HydroSonic Humidifier 5L,Appliances,139.0,46.0,66.91,-1.15
AL-307,ApexLiving,Apex Anti-Fatigue Balance Mat,Accessories,69.0,19.0,72.46,-1.0
AL-308,ApexLiving,Apex Monitor Arm Dual Gas-Spring,Accessories,149.0,52.0,65.1,-1.1
VH-401,VitalisHealth,Vitalis Peak Focus Nootropic (60ct),Supplements,54.0,11.0,79.63,-0.85
VH-402,VitalisHealth,Vitalis Organic Greens & Adaptogens,Nutrition,68.0,15.0,77.94,-0.9
VH-403,VitalisHealth,Vitalis HydroSmart Smart Bottle,Gear,95.0,29.0,69.47,-1.3
VH-404,VitalisHealth,Vitalis Deep Recovery Tart Cherry Sleep,Supplements,46.0,9.5,79.35,-0.8
VH-405,VitalisHealth,Vitalis Percussive Massage Gun V4,Recovery,199.0,65.0,67.34,-1.4
VH-406,VitalisHealth,Vitalis Electrolyte Hydration Stix 30pk,Nutrition,38.0,7.0,81.58,-0.95
VH-407,VitalisHealth,Vitalis Infrared Heat Therapy Wrap,Recovery,149.0,48.0,67.79,-1.15
VH-408,VitalisHealth,Vitalis Cold Plunge Tub Inflatable,Recovery,399.0,160.0,59.9,-1.25
PA-501,PulseAudio,Pulse Master Reference Studio Monitors,Studio Monitors,599.0,240.0,59.93,-1.15
PA-502,PulseAudio,Pulse Planar Magnetic Open-Back,Headphones,449.0,170.0,62.14,-1.25
PA-503,PulseAudio,Pulse SoundSphere 360 Spatial Bar,Home Theater,379.0,145.0,61.74,-1.35
PA-504,PulseAudio,Pulse Portable Boom DAC Amp,Accessories,159.0,49.0,69.18,-1.1
PA-505,PulseAudio,Pulse SubBass Subwoofer 10-inch,Home Theater,329.0,120.0,63.53,-1.2
PA-506,PulseAudio,Pulse Broadcast Cardioid Mic,Microphones,189.0,58.0,69.31,-1.1
PA-507,PulseAudio,Pulse Acoustic Wall Absorption Panels 8pk,Acoustics,99.0,28.0,71.72,-0.9
PA-508,PulseAudio,Pulse Wireless DJ Low-Latency Cans,Headphones,249.0,88.0,64.66,-1.3
